Unixtime, RawVoltage, boardtemp, Lat, Long, Alt, Speed, Course, Satelites, SecondsToFix, hAccuracy, vAccuracy, DateTime, CalcVoltage, CalcLat, CalcLong,
1604481820, 120, 31, 513869986, -4083108, 18, 4, 244, 8, 33, 15802, 18765, 2020-11-04 09:23:40, 3.7058823529411766, 51.3869986, -0.4083108, 
1604481867, 120, 33, 513868874, -4082128, 4, 0, 5, 6, 20, 15202, 18952, 2020-11-04 09:24:27, 3.7058823529411766, 51.3868874, -0.4082128, 
1604481922, 120, 33, 513869030, -4082294, 28, 4, 3, 7, 14, 15706, 18975, 2020-11-04 09:25:22, 3.7058823529411766, 51.386903, -0.4082294, 
1604481983, 121, 33, 513867857, -4082637, 28, 3, 14, 8, 16, 15196, 19766, 2020-11-04 09:26:23, 3.711764705882353, 51.3867857, -0.4082637, 
1604482045, 121, 33, 513868641, -4080939, 9, 2, 14, 8, 18, 15611, 19440, 2020-11-04 09:27:25, 3.711764705882353, 51.3868641, -0.4080939, 
1604482099, 121, 33, 513869254, -4080935, 10, 3, 13, 8, 12, 14111, 19730, 2020-11-04 09:28:19, 3.711764705882353, 51.3869254, -0.4080935, 
1604482171, 121, 33, 513870427, -4080996, 34, 2, 11, 10, 24, 12669, 19640, 2020-11-04 09:29:31, 3.711764705882353, 51.3870427, -0.4080996, 
1604482223, 121, 33, 513867854, -4080973, -11, 0, 26, 10, 16, 10672, 22426, 2020-11-04 09:30:23, 3.711764705882353, 51.3867854, -0.4080973, 
1604482273, 121, 33, 513868437, -4080637, -8, 0, 31, 10, 6, 11250, 21952, 2020-11-04 09:31:13, 3.711764705882353, 51.3868437, -0.4080637, 
1604482336, 121, 33, 513868317, -4080692, 10, 0, 20, 9, 9, 10106, 22530, 2020-11-04 09:32:16, 3.711764705882353, 51.3868317, -0.4080692, 
1604482392, 121, 32, 513867866, -4080883, 7, 0, 33, 9, 4, 11901, 21219, 2020-11-04 09:33:12, 3.711764705882353, 51.3867866, -0.4080883, 
1604482451, 122, 32, 513868167, -4081192, 15, 0, 35, 10, 4, 11741, 20426, 2020-11-04 09:34:11, 3.7176470588235295, 51.3868167, -0.4081192, 
1604482512, 121, 32, 513867932, -4081062, 16, 0, 34, 10, 5, 11371, 21454, 2020-11-04 09:35:12, 3.711764705882353, 51.3867932, -0.4081062, 
1604482573, 122, 32, 513867893, -4080612, 5, 0, 35, 8, 6, 12867, 19654, 2020-11-04 09:36:13, 3.7176470588235295, 51.3867893, -0.4080612, 
1604482633, 122, 31, 513867661, -4080563, 12, 0, 47, 8, 6, 14687, 18651, 2020-11-04 09:37:13, 3.7176470588235295, 51.3867661, -0.4080563, 
1604482691, 122, 31, 513868238, -4080528, 15, 0, 9, 8, 4, 14970, 19510, 2020-11-04 09:38:11, 3.7176470588235295, 51.3868238, -0.4080528, 
1604482751, 122, 31, 513868576, -4080520, 12, 0, 20, 8, 4, 14303, 18714, 2020-11-04 09:39:11, 3.7176470588235295, 51.3868576, -0.408052, 
1604482811, 122, 31, 513867665, -4078546, 35, 9, 199, 8, 4, 14618, 18314, 2020-11-04 09:40:11, 3.7176470588235295, 51.3867665, -0.4078546, 
1604482871, 122, 31, 513868310, -4080746, 11, 0, 0, 9, 4, 14133, 18784, 2020-11-04 09:41:11, 3.7176470588235295, 51.386831, -0.4080746, 
1604482933, 122, 30, 513868125, -4080658, 13, 0, 16, 9, 6, 13974, 18643, 2020-11-04 09:42:13, 3.7176470588235295, 51.3868125, -0.4080658, 
1604482989, 122, 30, 513867695, -4081483, 18, 0, 199, 7, 2, 15313, 19692, 2020-11-04 09:43:09, 3.7176470588235295, 51.3867695, -0.4081483, 
1604483051, 122, 31, 513868412, -4080393, 17, 0, 6, 7, 4, 14640, 18205, 2020-11-04 09:44:11, 3.7176470588235295, 51.3868412, -0.4080393, 
1604483112, 122, 31, 513868138, -4080661, 15, 0, 1, 6, 5, 13467, 21059, 2020-11-04 09:45:12, 3.7176470588235295, 51.3868138, -0.4080661, 
1604483171, 122, 30, 513868214, -4080524, 23, 0, 0, 8, 4, 10825, 21189, 2020-11-04 09:46:11, 3.7176470588235295, 51.3868214, -0.4080524, 
1604483231, 122, 30, 513868075, -4080856, 12, 0, 3, 7, 4, 11376, 21057, 2020-11-04 09:47:11, 3.7176470588235295, 51.3868075, -0.4080856, 
1604483292, 122, 30, 513868069, -4080814, 8, 0, 45, 6, 5, 10925, 22277, 2020-11-04 09:48:12, 3.7176470588235295, 51.3868069, -0.4080814, 
1604483350, 122, 30, 513867839, -4080824, 16, 0, 201, 7, 3, 11340, 21008, 2020-11-04 09:49:10, 3.7176470588235295, 51.3867839, -0.4080824, 
1604483474, 122, 30, 513868096, -4080573, 21, 0, 202, 9, 6, 10906, 20880, 2020-11-04 09:51:14, 3.7176470588235295, 51.3868096, -0.4080573, 
1604483534, 122, 30, 513868234, -4080965, 18, 0, 1, 9, 7, 13882, 19184, 2020-11-04 09:52:14, 3.7176470588235295, 51.3868234, -0.4080965, 
1604483593, 122, 30, 513868751, -4080236, 26, 4, 10, 9, 6, 14342, 19039, 2020-11-04 09:53:13, 3.7176470588235295, 51.3868751, -0.4080236, 
1604483654, 122, 29, 513868361, -4080410, 26, 0, 15, 8, 7, 12658, 21158, 2020-11-04 09:54:14, 3.7176470588235295, 51.3868361, -0.408041, 
1604483717, 123, 29, 513868194, -4079949, 19, 0, 27, 9, 10, 12623, 20452, 2020-11-04 09:55:17, 3.723529411764706, 51.3868194, -0.4079949, 
1604483771, 123, 28, 513868034, -4079940, 19, 2, 58, 8, 4, 12937, 19482, 2020-11-04 09:56:11, 3.723529411764706, 51.3868034, -0.407994, 
1604483831, 123, 29, 513868306, -4080703, 8, 0, 242, 8, 4, 11442, 20231, 2020-11-04 09:57:11, 3.723529411764706, 51.3868306, -0.4080703, 
1604483894, 122, 28, 513868414, -4080564, 12, 0, 0, 9, 7, 11450, 21139, 2020-11-04 09:58:14, 3.7176470588235295, 51.3868414, -0.4080564, 
1604483953, 122, 29, 513867973, -4080623, 19, 0, 17, 9, 6, 12573, 20411, 2020-11-04 09:59:13, 3.7176470588235295, 51.3867973, -0.4080623, 
1604484032, 122, 29, 513867985, -4080930, 12, 0, 47, 8, 25, 8991, 23131, 2020-11-04 10:00:32, 3.7176470588235295, 51.3867985, -0.408093, 
1604484072, 123, 29, 513868131, -4080855, 16, 0, 2, 8, 5, 13061, 20713, 2020-11-04 10:01:12, 3.723529411764706, 51.3868131, -0.4080855, 
1604484139, 122, 29, 513868615, -4080258, 42, 1, 4, 9, 12, 12441, 21631, 2020-11-04 10:02:19, 3.7176470588235295, 51.3868615, -0.4080258, 
1604484199, 122, 28, 513868934, -4080088, 44, 1, 5, 8, 12, 12425, 20956, 2020-11-04 10:03:19, 3.7176470588235295, 51.3868934, -0.4080088, 
1604484256, 123, 29, 513868579, -4080757, 26, 2, 10, 9, 9, 13900, 20241, 2020-11-04 10:04:16, 3.723529411764706, 51.3868579, -0.4080757, 
1604484313, 123, 29, 513867987, -4081107, 15, 0, 10, 8, 6, 13771, 20496, 2020-11-04 10:05:13, 3.723529411764706, 51.3867987, -0.4081107, 
1604484376, 123, 28, 513868498, -4080651, 14, 0, 232, 9, 9, 11230, 21269, 2020-11-04 10:06:16, 3.723529411764706, 51.3868498, -0.4080651, 
1604484439, 123, 28, 513869142, -4081054, 23, 3, 5, 8, 12, 11690, 21241, 2020-11-04 10:07:19, 3.723529411764706, 51.3869142, -0.4081054, 
1604484501, 123, 28, 513869205, -4080547, 34, 2, 9, 7, 14, 12718, 20923, 2020-11-04 10:08:21, 3.723529411764706, 51.3869205, -0.4080547, 
1604484571, 123, 29, 513870302, -4079150, 69, 2, 8, 7, 24, 11889, 21908, 2020-11-04 10:09:31, 3.723529411764706, 51.3870302, -0.407915, 
1604484634, 123, 28, 513870237, -4079577, 63, 3, 6, 6, 27, 13237, 21094, 2020-11-04 10:10:34, 3.723529411764706, 51.3870237, -0.4079577, 
1604484685, 123, 29, 513869792, -4080309, 44, 2, 4, 7, 18, 11755, 21605, 2020-11-04 10:11:25, 3.723529411764706, 51.3869792, -0.4080309, 
1604484756, 123, 29, 513869070, -4080088, 34, 2, 13, 7, 17, 12615, 21461, 2020-11-04 10:12:36, 3.723529411764706, 51.386907, -0.4080088, 
1604484935, 123, 29, 513869907, -4081627, 27, 0, 238, 8, 88, 10417, 22572, 2020-11-04 10:15:35, 3.723529411764706, 51.3869907, -0.4081627, 
1604484991, 123, 29, 513869294, -4080990, 29, 0, 231, 7, 24, 10245, 22456, 2020-11-04 10:16:31, 3.723529411764706, 51.3869294, -0.408099, 
1604485052, 123, 29, 513869174, -4081098, 38, 0, 0, 8, 25, 10641, 22606, 2020-11-04 10:17:32, 3.723529411764706, 51.3869174, -0.4081098, 
1604485114, 123, 29, 513868769, -4080561, 30, 0, 253, 7, 27, 12754, 21294, 2020-11-04 10:18:34, 3.723529411764706, 51.3868769, -0.4080561, 
1604485168, 123, 29, 513867171, -4079709, 17, 0, 241, 8, 21, 13551, 20868, 2020-11-04 10:19:28, 3.723529411764706, 51.3867171, -0.4079709, 
1604485224, 123, 28, 513869078, -4078496, 20, 5, 38, 8, 17, 14199, 19984, 2020-11-04 10:20:24, 3.723529411764706, 51.3869078, -0.4078496, 
1604485282, 123, 28, 513868361, -4080346, 15, 0, 12, 8, 15, 12208, 21169, 2020-11-04 10:21:22, 3.723529411764706, 51.3868361, -0.4080346, 
1604485342, 123, 28, 513868588, -4080685, 20, 0, 58, 8, 15, 11152, 21854, 2020-11-04 10:22:22, 3.723529411764706, 51.3868588, -0.4080685, 
1604485409, 123, 28, 513868629, -4080558, 9, 0, 10, 8, 22, 11767, 21876, 2020-11-04 10:23:29, 3.723529411764706, 51.3868629, -0.4080558, 
1604485464, 123, 28, 513867887, -4080281, 33, 0, 14, 7, 17, 12734, 21340, 2020-11-04 10:24:24, 3.723529411764706, 51.3867887, -0.4080281, 
1604485531, 123, 28, 513867698, -4080264, 21, 0, 246, 8, 24, 13008, 21221, 2020-11-04 10:25:31, 3.723529411764706, 51.3867698, -0.4080264, 
1604485577, 123, 28, 513868315, -4080754, -3, 1, 19, 8, 10, 14448, 20122, 2020-11-04 10:26:17, 3.723529411764706, 51.3868315, -0.4080754, 
1604485639, 123, 27, 513867913, -4080870, 9, 0, 0, 8, 12, 13288, 20419, 2020-11-04 10:27:19, 3.723529411764706, 51.3867913, -0.408087, 
1604485698, 123, 27, 513868809, -4080911, 8, 2, 16, 9, 11, 12815, 20522, 2020-11-04 10:28:18, 3.723529411764706, 51.3868809, -0.4080911, 
1604485756, 123, 27, 513868709, -4080807, 1, 1, 54, 9, 9, 12955, 20904, 2020-11-04 10:29:16, 3.723529411764706, 51.3868709, -0.4080807, 
1604485819, 123, 27, 513868745, -4080413, 3, 0, 11, 8, 12, 12584, 19496, 2020-11-04 10:30:19, 3.723529411764706, 51.3868745, -0.4080413, 
1604485875, 124, 27, 513869028, -4080586, 2, 3, 3, 9, 7, 13068, 21038, 2020-11-04 10:31:15, 3.7294117647058824, 51.3869028, -0.4080586, 
1604485935, 123, 26, 513868205, -4081457, 2, 0, 221, 9, 8, 13016, 20787, 2020-11-04 10:32:15, 3.723529411764706, 51.3868205, -0.4081457, 
1604485993, 123, 27, 513869051, -4080847, 10, 7, 7, 9, 6, 13862, 19913, 2020-11-04 10:33:13, 3.723529411764706, 51.3869051, -0.4080847, 
1604486054, 123, 27, 513868693, -4081386, 17, 4, 221, 8, 7, 13203, 20811, 2020-11-04 10:34:14, 3.723529411764706, 51.3868693, -0.4081386, 
1604486113, 124, 26, 513868531, -4080622, 9, 1, 218, 9, 6, 12407, 21072, 2020-11-04 10:35:13, 3.7294117647058824, 51.3868531, -0.4080622, 
1604486171, 118, 24, 513869449, -4080998, 22, 2, 2, 9, 3, 13425, 19681, 2020-11-04 10:36:11, 3.6941176470588237, 51.3869449, -0.4080998, 
1604486240, 123, 25, 513869293, -4081057, 7, 1, 0, 7, 13, 12557, 20556, 2020-11-04 10:37:20, 3.723529411764706, 51.3869293, -0.4081057, 
1604486296, 124, 24, 513868646, -4081474, 0, 2, 213, 8, 9, 14870, 18424, 2020-11-04 10:38:16, 3.7294117647058824, 51.3868646, -0.4081474, 
1604486355, 123, 26, 513868554, -4080962, -1, 1, 228, 8, 8, 15298, 18820, 2020-11-04 10:39:15, 3.723529411764706, 51.3868554, -0.4080962, 
1604486416, 123, 26, 513869989, -4080881, 24, 3, 3, 9, 9, 13058, 19766, 2020-11-04 10:40:16, 3.723529411764706, 51.3869989, -0.4080881, 
1604486477, 123, 26, 513869898, -4079339, 14, 6, 9, 7, 10, 15709, 18159, 2020-11-04 10:41:17, 3.723529411764706, 51.3869898, -0.4079339, 
1604486549, 124, 26, 513870654, -4080413, 29, 5, 5, 8, 22, 14983, 19668, 2020-11-04 10:42:29, 3.7294117647058824, 51.3870654, -0.4080413, 
1604486609, 123, 27, 513869282, -4080763, 5, 0, 59, 7, 22, 10826, 22316, 2020-11-04 10:43:29, 3.723529411764706, 51.3869282, -0.4080763, 
1604486671, 123, 27, 513869324, -4080297, 4, 0, 15, 9, 24, 11024, 21321, 2020-11-04 10:44:31, 3.723529411764706, 51.3869324, -0.4080297, 
1604486717, 124, 27, 513868263, -4081200, 17, 3, 16, 8, 10, 13925, 19328, 2020-11-04 10:45:17, 3.7294117647058824, 51.3868263, -0.40812, 
1604486777, 123, 27, 513868776, -4080610, 2, 2, 22, 8, 10, 11141, 22199, 2020-11-04 10:46:17, 3.723529411764706, 51.3868776, -0.408061, 
1604486833, 124, 26, 513869011, -4080681, 15, 0, 17, 9, 6, 11765, 20001, 2020-11-04 10:47:13, 3.7294117647058824, 51.3869011, -0.4080681, 
1604486892, 124, 25, 513869326, -4080533, 16, 5, 16, 8, 5, 14889, 19586, 2020-11-04 10:48:12, 3.7294117647058824, 51.3869326, -0.4080533, 
1604486951, 124, 25, 513868413, -4080888, 9, 0, 14, 8, 4, 14135, 19364, 2020-11-04 10:49:11, 3.7294117647058824, 51.3868413, -0.4080888, 
1604487008, 123, 26, 513868120, -4081070, 8, 5, 14, 7, 1, 17047, 17284, 2020-11-04 10:50:08, 3.723529411764706, 51.386812, -0.408107, 
1604487069, 124, 24, 513869062, -4080273, 13, 12, 16, 8, 2, 15026, 19469, 2020-11-04 10:51:09, 3.7294117647058824, 51.3869062, -0.4080273, 
1604487131, 124, 25, 513868093, -4080566, 3, 5, 16, 7, 4, 16889, 17442, 2020-11-04 10:52:11, 3.7294117647058824, 51.3868093, -0.4080566, 
1604487198, 124, 24, 513868528, -4080848, 8, 3, 15, 7, 11, 18372, 16551, 2020-11-04 10:53:18, 3.7294117647058824, 51.3868528, -0.4080848, 
1604487251, 124, 25, 513869391, -4080376, 9, 0, 32, 8, 4, 15350, 18960, 2020-11-04 10:54:11, 3.7294117647058824, 51.3869391, -0.4080376, 
1604487310, 124, 24, 513869670, -4080292, 8, 0, 254, 7, 3, 14676, 19330, 2020-11-04 10:55:10, 3.7294117647058824, 51.386967, -0.4080292, 
1604487371, 124, 24, 513869153, -4080071, 10, 0, 17, 7, 4, 13985, 19973, 2020-11-04 10:56:11, 3.7294117647058824, 51.3869153, -0.4080071, 
1604487430, 123, 24, 513868735, -4080559, 19, 0, 16, 5, 3, 13258, 20179, 2020-11-04 10:57:10, 3.723529411764706, 51.3868735, -0.4080559, 
1604487495, 124, 25, 513869483, -4080270, 15, 6, 17, 5, 8, 12667, 21440, 2020-11-04 10:58:15, 3.7294117647058824, 51.3869483, -0.408027, 
1604487554, 123, 25, 513868924, -4080525, 0, 6, 17, 7, 7, 14638, 20000, 2020-11-04 10:59:14, 3.723529411764706, 51.3868924, -0.4080525, 
1604487617, 124, 25, 513868900, -4080419, -11, 3, 10, 7, 10, 12191, 20882, 2020-11-04 11:00:17, 3.7294117647058824, 51.38689, -0.4080419, 
1604487673, 124, 25, 513868558, -4081076, -5, 1, 218, 8, 6, 10905, 21643, 2020-11-04 11:01:13, 3.7294117647058824, 51.3868558, -0.4081076, 
1604487734, 124, 25, 513868643, -4081069, -8, 2, 15, 8, 7, 11269, 21780, 2020-11-04 11:02:14, 3.7294117647058824, 51.3868643, -0.4081069, 
1604487794, 124, 25, 513869555, -4080019, 13, 8, 17, 7, 7, 13797, 20355, 2020-11-04 11:03:14, 3.7294117647058824, 51.3869555, -0.4080019, 
1604487855, 124, 25, 513869458, -4080496, 13, 2, 243, 6, 8, 13477, 20809, 2020-11-04 11:04:15, 3.7294117647058824, 51.3869458, -0.4080496, 
1604487919, 122, 24, 513871940, -4078578, 14, 9, 13, 7, 12, 18034, 17006, 2020-11-04 11:05:19, 3.7176470588235295, 51.387194, -0.4078578, 
1604487977, 122, 24, 513869583, -4080759, 29, 2, 11, 6, 10, 13786, 19973, 2020-11-04 11:06:17, 3.7176470588235295, 51.3869583, -0.4080759, 
1604488046, 122, 24, 513868653, -4082021, 30, 4, 214, 8, 19, 11606, 21801, 2020-11-04 11:07:26, 3.7176470588235295, 51.3868653, -0.4082021, 
1604488118, 121, 24, 513868676, -4081304, 20, 0, 201, 7, 31, 10294, 22218, 2020-11-04 11:08:38, 3.711764705882353, 51.3868676, -0.4081304, 
1604488160, 122, 24, 513868973, -4081926, 10, 2, 212, 8, 13, 12585, 20769, 2020-11-04 11:09:20, 3.7176470588235295, 51.3868973, -0.4081926, 
1604488249, 121, 24, 513869972, -4080478, -30, 0, 5, 6, 42, 9920, 22757, 2020-11-04 11:10:49, 3.711764705882353, 51.3869972, -0.4080478, 
1604488285, 121, 24, 513869342, -4080433, -6, 1, 23, 7, 18, 11932, 21733, 2020-11-04 11:11:25, 3.711764705882353, 51.3869342, -0.4080433, 
1604488346, 121, 24, 513869975, -4080916, 6, 1, 239, 8, 19, 12173, 20971, 2020-11-04 11:12:26, 3.711764705882353, 51.3869975, -0.4080916, 
1604488404, 121, 24, 513869126, -4080879, 15, 0, 234, 7, 17, 12011, 21657, 2020-11-04 11:13:24, 3.711764705882353, 51.3869126, -0.4080879, 
1604488468, 121, 24, 513868782, -4081475, -3, 1, 212, 7, 21, 9826, 22177, 2020-11-04 11:14:28, 3.711764705882353, 51.3868782, -0.4081475, 
1604488521, 121, 24, 513868528, -4080953, 13, 0, 210, 8, 14, 10733, 21658, 2020-11-04 11:15:21, 3.711764705882353, 51.3868528, -0.4080953, 
1604488574, 121, 24, 513868758, -4080727, -11, 1, 220, 7, 7, 13263, 20837, 2020-11-04 11:16:14, 3.711764705882353, 51.3868758, -0.4080727, 
1604488634, 121, 24, 513868815, -4080759, 21, 0, 0, 7, 7, 14176, 19940, 2020-11-04 11:17:14, 3.711764705882353, 51.3868815, -0.4080759, 
1604488701, 121, 24, 513870073, -4080892, 45, 5, 10, 7, 14, 15426, 19417, 2020-11-04 11:18:21, 3.711764705882353, 51.3870073, -0.4080892, 
1604488763, 121, 24, 513871577, -4079763, 25, 9, 12, 7, 16, 14788, 19721, 2020-11-04 11:19:23, 3.711764705882353, 51.3871577, -0.4079763, 
1604488822, 121, 24, 513870364, -4080424, 22, 1, 11, 6, 15, 18412, 15930, 2020-11-04 11:20:22, 3.711764705882353, 51.3870364, -0.4080424, 
1604488886, 121, 24, 513869884, -4080551, 43, 2, 4, 7, 19, 17383, 17493, 2020-11-04 11:21:26, 3.711764705882353, 51.3869884, -0.4080551, 
1604488946, 121, 24, 513870123, -4080152, 32, 5, 14, 6, 19, 16614, 18575, 2020-11-04 11:22:26, 3.711764705882353, 51.3870123, -0.4080152, 
1604489002, 121, 24, 513870962, -4080436, 35, 4, 0, 7, 15, 15650, 18735, 2020-11-04 11:23:22, 3.711764705882353, 51.3870962, -0.4080436, 
1604489061, 121, 24, 513870708, -4079843, 17, 4, 9, 8, 14, 17301, 16875, 2020-11-04 11:24:21, 3.711764705882353, 51.3870708, -0.4079843, 
1604489175, 121, 24, 513868425, -4078052, 48, 1, 228, 8, 68, 17893, 17203, 2020-11-04 11:26:15, 3.711764705882353, 51.3868425, -0.4078052, 
1604489242, 121, 24, 513868623, -4080485, 11, 1, 3, 7, 15, 16074, 18405, 2020-11-04 11:27:22, 3.711764705882353, 51.3868623, -0.4080485, 
1604489299, 121, 24, 513869884, -4080499, 20, 1, 12, 8, 12, 16640, 18205, 2020-11-04 11:28:19, 3.711764705882353, 51.3869884, -0.4080499, 
1604489369, 121, 24, 513872062, -4079862, 29, 3, 7, 7, 22, 15800, 19369, 2020-11-04 11:29:29, 3.711764705882353, 51.3872062, -0.4079862, 
1604489431, 121, 24, 513870324, -4079525, 23, 0, 13, 6, 24, 16294, 18426, 2020-11-04 11:30:31, 3.711764705882353, 51.3870324, -0.4079525, 
1604489485, 121, 24, 513871849, -4078709, 45, 1, 14, 6, 18, 17938, 17359, 2020-11-04 11:31:25, 3.711764705882353, 51.3871849, -0.4078709, 
1604489538, 121, 24, 513869838, -4079581, -1, 1, 11, 7, 11, 15466, 19516, 2020-11-04 11:32:18, 3.711764705882353, 51.3869838, -0.4079581, 
1604489614, 121, 24, 513871247, -4079913, 41, 1, 12, 5, 27, 16083, 19040, 2020-11-04 11:33:34, 3.711764705882353, 51.3871247, -0.4079913, 
1604489685, 121, 24, 513870530, -4080900, 36, 5, 11, 7, 38, 14496, 19496, 2020-11-04 11:34:45, 3.711764705882353, 51.387053, -0.40809, 
1604489722, 121, 24, 513869704, -4080213, 37, 2, 10, 7, 15, 14852, 19422, 2020-11-04 11:35:22, 3.711764705882353, 51.3869704, -0.4080213, 
1604489781, 121, 24, 513868643, -4080691, 22, 1, 10, 7, 14, 14455, 19949, 2020-11-04 11:36:21, 3.711764705882353, 51.3868643, -0.4080691, 
1604489885, 121, 24, 513873682, -4080156, 64, 6, 0, 6, 58, 14426, 20404, 2020-11-04 11:38:05, 3.711764705882353, 51.3873682, -0.4080156, 
1604489982, 121, 24, 513870811, -4080143, 61, 4, 13, 7, 35, 14481, 20055, 2020-11-04 11:39:42, 3.711764705882353, 51.3870811, -0.4080143, 
1604490025, 121, 24, 513870061, -4079740, 41, 3, 14, 7, 18, 14704, 19724, 2020-11-04 11:40:25, 3.711764705882353, 51.3870061, -0.407974, 
1604490080, 120, 24, 513869346, -4080860, 25, 2, 4, 5, 13, 16517, 17558, 2020-11-04 11:41:20, 3.7058823529411766, 51.3869346, -0.408086, 
1604490137, 121, 24, 513869924, -4079451, 32, 2, 7, 7, 10, 17194, 17914, 2020-11-04 11:42:17, 3.711764705882353, 51.3869924, -0.4079451, 
1604490204, 120, 24, 513868967, -4080401, 22, 0, 22, 8, 17, 17453, 17350, 2020-11-04 11:43:24, 3.7058823529411766, 51.3868967, -0.4080401, 
1604490267, 121, 24, 513869040, -4080262, 15, 0, 34, 7, 20, 18090, 16459, 2020-11-04 11:44:27, 3.711764705882353, 51.386904, -0.4080262, 
1604490333, 120, 24, 513870023, -4080163, 31, 4, 14, 5, 26, 17225, 18080, 2020-11-04 11:45:33, 3.7058823529411766, 51.3870023, -0.4080163, 
1604490375, 120, 24, 513870960, -4080697, 54, 1, 3, 8, 8, 16220, 18843, 2020-11-04 11:46:15, 3.7058823529411766, 51.387096, -0.4080697, 
1604490427, 121, 24, 513868603, -4078891, 11, 4, 9, 7, 0, 31799, 36356, 2020-11-04 11:47:07, 3.711764705882353, 51.3868603, -0.4078891, 
1604490501, 120, 24, 513869432, -4080280, 9, 0, 0, 6, 14, 18470, 16665, 2020-11-04 11:48:21, 3.7058823529411766, 51.3869432, -0.408028, 
1604490617, 121, 24, 513869361, -4079452, 26, 0, 38, 7, 10, 15815, 17754, 2020-11-04 11:50:17, 3.711764705882353, 51.3869361, -0.4079452, 
1604490667, 121, 24, 513868309, -4080685, 15, 6, 11, 6, 0, 30185, 37905, 2020-11-04 11:51:07, 3.711764705882353, 51.3868309, -0.4080685, 
1604490743, 121, 24, 513868750, -4080754, 24, 0, 1, 6, 16, 17571, 17716, 2020-11-04 11:52:23, 3.711764705882353, 51.386875, -0.4080754, 
1604490805, 120, 24, 513869570, -4080068, 16, 1, 3, 8, 18, 13764, 20026, 2020-11-04 11:53:25, 3.7058823529411766, 51.386957, -0.4080068, 
1604490862, 119, 24, 513869013, -4081729, 13, 0, 2, 7, 15, 13897, 20073, 2020-11-04 11:54:22, 3.7, 51.3869013, -0.4081729, 
1604490907, 123, 24, 513867478, -4081349, -18, 7, 0, 4, 0, 62538, 77777, 2020-11-04 11:55:07, 3.723529411764706, 51.3867478, -0.4081349, 
1604490980, 124, 24, 513868519, -4081158, 7, 1, 12, 7, 13, 13437, 20653, 2020-11-04 11:56:20, 3.7294117647058824, 51.3868519, -0.4081158, 
1604491048, 124, 25, 513869814, -4080793, 22, 3, 2, 7, 21, 14623, 19492, 2020-11-04 11:57:28, 3.7294117647058824, 51.3869814, -0.4080793, 
1604491109, 124, 27, 513869567, -4080874, 15, 2, 1, 7, 22, 14566, 19946, 2020-11-04 11:58:29, 3.7294117647058824, 51.3869567, -0.4080874, 
1604491175, 123, 27, 513869905, -4080063, 11, 0, 16, 7, 28, 13629, 20792, 2020-11-04 11:59:35, 3.723529411764706, 51.3869905, -0.4080063, 
1604491217, 124, 27, 513871154, -4079502, 38, 3, 3, 8, 10, 15705, 18915, 2020-11-04 12:00:17, 3.7294117647058824, 51.3871154, -0.4079502, 
1604491279, 124, 28, 513869485, -4080337, 12, 1, 4, 7, 12, 15149, 19678, 2020-11-04 12:01:19, 3.7294117647058824, 51.3869485, -0.4080337, 
1604491337, 124, 27, 513869570, -4080040, 22, 1, 23, 7, 10, 16216, 18656, 2020-11-04 12:02:17, 3.7294117647058824, 51.386957, -0.408004, 
1604491399, 124, 27, 513869063, -4079325, 29, 0, 24, 7, 12, 16969, 17013, 2020-11-04 12:03:19, 3.7294117647058824, 51.3869063, -0.4079325, 
1604491461, 124, 27, 513868145, -4080909, 17, 0, 15, 6, 14, 16858, 17622, 2020-11-04 12:04:21, 3.7294117647058824, 51.3868145, -0.4080909, 
1604491524, 122, 26, 513869480, -4080373, 7, 0, 16, 7, 17, 15831, 18806, 2020-11-04 12:05:24, 3.7176470588235295, 51.386948, -0.4080373, 
1604491584, 122, 24, 513869200, -4080506, 7, 1, 28, 6, 17, 16741, 17755, 2020-11-04 12:06:24, 3.7176470588235295, 51.38692, -0.4080506, 
1604491655, 122, 24, 513869076, -4078690, 18, 0, 50, 7, 28, 16296, 18040, 2020-11-04 12:07:35, 3.7176470588235295, 51.3869076, -0.407869, 
1604491700, 122, 24, 513868793, -4079397, 17, 1, 22, 7, 13, 15167, 19629, 2020-11-04 12:08:20, 3.7176470588235295, 51.3868793, -0.4079397, 
1604491758, 122, 24, 513869085, -4080391, 5, 1, 18, 7, 11, 13924, 20148, 2020-11-04 12:09:18, 3.7176470588235295, 51.3869085, -0.4080391, 
1604491821, 122, 24, 513869188, -4080427, -1, 0, 12, 7, 14, 14384, 20238, 2020-11-04 12:10:21, 3.7176470588235295, 51.3869188, -0.4080427, 
1604491876, 121, 24, 513868852, -4080597, 1, 1, 13, 7, 9, 13842, 20567, 2020-11-04 12:11:16, 3.711764705882353, 51.3868852, -0.4080597, 
1604491939, 121, 24, 513868340, -4080985, 7, 0, 12, 7, 12, 12736, 20774, 2020-11-04 12:12:19, 3.711764705882353, 51.386834, -0.4080985, 
1604492001, 122, 24, 513869281, -4080669, -3, 0, 19, 6, 14, 11985, 21738, 2020-11-04 12:13:21, 3.7176470588235295, 51.3869281, -0.4080669, 
1604492072, 122, 24, 513869427, -4080739, 4, 2, 6, 9, 25, 11876, 21668, 2020-11-04 12:14:32, 3.7176470588235295, 51.3869427, -0.4080739, 
1604492112, 122, 24, 513869525, -4080313, 16, 2, 11, 9, 5, 14662, 19194, 2020-11-04 12:15:12, 3.7176470588235295, 51.3869525, -0.4080313, 
1604492176, 122, 24, 513868381, -4080386, 11, 0, 44, 7, 9, 15380, 18296, 2020-11-04 12:16:16, 3.7176470588235295, 51.3868381, -0.4080386, 
1604492237, 121, 24, 513868502, -4080490, 13, 1, 14, 9, 10, 14790, 18915, 2020-11-04 12:17:17, 3.711764705882353, 51.3868502, -0.408049, 
1604492300, 121, 24, 513868696, -4080682, 13, 2, 11, 8, 13, 16507, 18065, 2020-11-04 12:18:20, 3.711764705882353, 51.3868696, -0.4080682, 
1604492357, 121, 24, 513868961, -4080180, 14, 1, 13, 8, 10, 17036, 18106, 2020-11-04 12:19:17, 3.711764705882353, 51.3868961, -0.408018, 
1604492415, 122, 24, 513868952, -4080679, 25, 2, 13, 9, 8, 16599, 17322, 2020-11-04 12:20:15, 3.7176470588235295, 51.3868952, -0.4080679, 
1604492482, 121, 24, 513870163, -4080846, 31, 0, 3, 7, 15, 16856, 17906, 2020-11-04 12:21:22, 3.711764705882353, 51.3870163, -0.4080846, 
1604492536, 121, 24, 513869105, -4080383, 22, 0, 1, 8, 9, 15822, 18546, 2020-11-04 12:22:16, 3.711764705882353, 51.3869105, -0.4080383, 
1604492597, 121, 24, 513868724, -4080705, 21, 0, 3, 8, 10, 16281, 17829, 2020-11-04 12:23:17, 3.711764705882353, 51.3868724, -0.4080705, 
1604492661, 122, 24, 513868165, -4080625, 6, 0, 13, 6, 14, 17231, 17685, 2020-11-04 12:24:21, 3.7176470588235295, 51.3868165, -0.4080625, 
1604492728, 121, 24, 513867688, -4081078, 10, 0, 13, 5, 21, 17632, 17613, 2020-11-04 12:25:28, 3.711764705882353, 51.3867688, -0.4081078, 
1604492780, 122, 24, 513868730, -4081158, 26, 1, 13, 6, 13, 16836, 18357, 2020-11-04 12:26:20, 3.7176470588235295, 51.386873, -0.4081158, 
1604492853, 121, 24, 513869486, -4081283, 28, 0, 5, 7, 26, 18851, 16180, 2020-11-04 12:27:33, 3.711764705882353, 51.3869486, -0.4081283, 
1604492904, 121, 24, 513868352, -4080730, 18, 0, 1, 6, 17, 17871, 17055, 2020-11-04 12:28:24, 3.711764705882353, 51.3868352, -0.408073, 
1604492964, 121, 24, 513868059, -4081045, 20, 0, 1, 6, 17, 17883, 16981, 2020-11-04 12:29:24, 3.711764705882353, 51.3868059, -0.4081045, 
1604493028, 121, 24, 513867822, -4080206, 10, 0, 15, 6, 21, 15657, 18692, 2020-11-04 12:30:28, 3.711764705882353, 51.3867822, -0.4080206, 
1604493086, 121, 24, 513869115, -4080989, 28, 1, 15, 8, 19, 15959, 19043, 2020-11-04 12:31:26, 3.711764705882353, 51.3869115, -0.4080989, 
1604493152, 122, 24, 513870846, -4081187, 41, 1, 8, 10, 25, 17181, 17892, 2020-11-04 12:32:32, 3.7176470588235295, 51.3870846, -0.4081187, 
1604493195, 121, 24, 513867643, -4080769, 1, 0, 7, 8, 8, 16091, 18199, 2020-11-04 12:33:15, 3.711764705882353, 51.3867643, -0.4080769, 
1604493253, 121, 24, 513868817, -4080522, 21, 0, 2, 8, 6, 15306, 18507, 2020-11-04 12:34:13, 3.711764705882353, 51.3868817, -0.4080522, 
1604493314, 121, 24, 513868893, -4080387, 18, 0, 7, 8, 7, 14253, 19467, 2020-11-04 12:35:14, 3.711764705882353, 51.3868893, -0.4080387, 
1604493376, 121, 24, 513868892, -4081079, 19, 0, 1, 6, 9, 14617, 19416, 2020-11-04 12:36:16, 3.711764705882353, 51.3868892, -0.4081079, 
1604493433, 121, 24, 513868618, -4080137, 13, 0, 12, 8, 6, 14618, 20204, 2020-11-04 12:37:13, 3.711764705882353, 51.3868618, -0.4080137, 
1604493497, 121, 24, 513869402, -4080460, 26, 2, 10, 8, 10, 14599, 19149, 2020-11-04 12:38:17, 3.711764705882353, 51.3869402, -0.408046, 
1604493559, 121, 24, 513868655, -4080441, 18, 0, 0, 7, 12, 15453, 19514, 2020-11-04 12:39:19, 3.711764705882353, 51.3868655, -0.4080441, 
1604493625, 121, 24, 513868974, -4079663, 18, 0, 0, 8, 18, 13408, 20759, 2020-11-04 12:40:25, 3.711764705882353, 51.3868974, -0.4079663, 
1604493685, 121, 24, 513868179, -4080763, 20, 0, 0, 6, 18, 13597, 20348, 2020-11-04 12:41:25, 3.711764705882353, 51.3868179, -0.4080763, 
1604493757, 121, 24, 513868387, -4082911, 52, 2, 211, 5, 30, 12065, 21329, 2020-11-04 12:42:37, 3.711764705882353, 51.3868387, -0.4082911, 
1604493808, 122, 24, 513869003, -4081322, 31, 0, 20, 8, 21, 12559, 21356, 2020-11-04 12:43:28, 3.7176470588235295, 51.3869003, -0.4081322, 
1604493878, 121, 24, 513868810, -4080283, 11, 0, 1, 7, 31, 14039, 20403, 2020-11-04 12:44:38, 3.711764705882353, 51.386881, -0.4080283, 
1604493941, 121, 24, 513870981, -4081532, 44, 0, 15, 8, 34, 14794, 18314, 2020-11-04 12:45:41, 3.711764705882353, 51.3870981, -0.4081532, 
1604493977, 120, 24, 513868350, -4080714, 16, 0, 0, 8, 10, 12890, 20043, 2020-11-04 12:46:17, 3.7058823529411766, 51.386835, -0.4080714, 
1604494038, 119, 24, 513870022, -4080389, 43, 0, 7, 8, 11, 12616, 20570, 2020-11-04 12:47:18, 3.7, 51.3870022, -0.4080389, 
1604494106, 119, 24, 513869989, -4081245, 37, 4, 6, 7, 19, 15373, 19288, 2020-11-04 12:48:26, 3.7, 51.3869989, -0.4081245, 
1604494155, 119, 24, 513868965, -4080779, 18, 2, 0, 9, 8, 13916, 19212, 2020-11-04 12:49:15, 3.7, 51.3868965, -0.4080779, 
1604494215, 119, 24, 513867872, -4080477, 0, 1, 6, 9, 8, 15435, 17752, 2020-11-04 12:50:15, 3.7, 51.3867872, -0.4080477, 
1604494274, 123, 24, 513867810, -4081128, 8, 0, 242, 8, 7, 14431, 18257, 2020-11-04 12:51:14, 3.723529411764706, 51.386781, -0.4081128, 
1604494331, 124, 24, 513866966, -4080480, -3, 0, 20, 7, 4, 15031, 19416, 2020-11-04 12:52:11, 3.7294117647058824, 51.3866966, -0.408048, 
1604494391, 123, 24, 513867722, -4080749, 4, 0, 0, 8, 4, 14687, 18926, 2020-11-04 12:53:11, 3.723529411764706, 51.3867722, -0.4080749, 
1604494451, 124, 24, 513868842, -4080813, 19, 1, 5, 9, 4, 14758, 18117, 2020-11-04 12:54:11, 3.7294117647058824, 51.3868842, -0.4080813, 
1604494511, 124, 24, 513866720, -4080998, -5, 0, 4, 8, 4, 15290, 19186, 2020-11-04 12:55:11, 3.7294117647058824, 51.386672, -0.4080998, 
1604494571, 124, 24, 513866893, -4081071, -6, 0, 211, 8, 4, 14866, 18937, 2020-11-04 12:56:11, 3.7294117647058824, 51.3866893, -0.4081071, 
1604494631, 122, 24, 513867439, -4081232, 7, 1, 4, 10, 4, 15093, 18603, 2020-11-04 12:57:11, 3.7176470588235295, 51.3867439, -0.4081232, 
1604494689, 122, 24, 513868052, -4080954, 7, 3, 6, 8, 2, 16101, 18114, 2020-11-04 12:58:09, 3.7176470588235295, 51.3868052, -0.4080954, 
1604494752, 122, 24, 513868860, -4080773, 20, 3, 6, 8, 5, 16642, 16695, 2020-11-04 12:59:12, 3.7176470588235295, 51.386886, -0.4080773, 
1604494821, 122, 24, 513869239, -4080477, 21, 1, 6, 9, 14, 16607, 16354, 2020-11-04 13:00:21, 3.7176470588235295, 51.3869239, -0.4080477, 
1604494871, 122, 24, 513867587, -4080986, 3, 0, 6, 8, 4, 15140, 17893, 2020-11-04 13:01:11, 3.7176470588235295, 51.3867587, -0.4080986, 
1604494935, 122, 24, 513866754, -4082056, -1, 1, 37, 9, 8, 15127, 19728, 2020-11-04 13:02:15, 3.7176470588235295, 51.3866754, -0.4082056, 
1604495000, 122, 24, 513867413, -4080853, -3, 0, 29, 9, 13, 13972, 20673, 2020-11-04 13:03:20, 3.7176470588235295, 51.3867413, -0.4080853, 
1604495068, 122, 24, 513866639, -4081711, -7, 1, 34, 8, 21, 14541, 19733, 2020-11-04 13:04:28, 3.7176470588235295, 51.3866639, -0.4081711, 
1604495119, 122, 24, 513868954, -4080680, 22, 0, 57, 9, 12, 14215, 19968, 2020-11-04 13:05:19, 3.7176470588235295, 51.3868954, -0.408068, 
1604495177, 122, 24, 513867728, -4081111, 2, 0, 30, 9, 10, 13976, 20255, 2020-11-04 13:06:17, 3.7176470588235295, 51.3867728, -0.4081111, 
1604495233, 121, 24, 513867943, -4080348, -2, 0, 7, 9, 6, 13541, 20920, 2020-11-04 13:07:13, 3.711764705882353, 51.3867943, -0.4080348, 
1604495298, 122, 24, 513868142, -4080696, 9, 0, 42, 9, 11, 13649, 20527, 2020-11-04 13:08:18, 3.7176470588235295, 51.3868142, -0.4080696, 
1604495360, 122, 24, 513867854, -4081495, 17, 1, 44, 8, 13, 13956, 20002, 2020-11-04 13:09:20, 3.7176470588235295, 51.3867854, -0.4081495, 
1604495435, 121, 24, 513869255, -4080598, 26, 0, 13, 7, 28, 13645, 20867, 2020-11-04 13:10:35, 3.711764705882353, 51.3869255, -0.4080598, 
1604495499, 122, 24, 513868061, -4080420, 9, 0, 37, 9, 32, 15130, 19317, 2020-11-04 13:11:39, 3.7176470588235295, 51.3868061, -0.408042, 
1604495547, 122, 24, 513868149, -4080044, 6, 0, 22, 7, 20, 14145, 19996, 2020-11-04 13:12:27, 3.7176470588235295, 51.3868149, -0.4080044, 
1604495605, 122, 24, 513868227, -4080711, 8, 0, 31, 7, 18, 14293, 20372, 2020-11-04 13:13:25, 3.7176470588235295, 51.3868227, -0.4080711, 
1604495668, 121, 24, 513867971, -4081033, 7, 1, 53, 9, 21, 13708, 20828, 2020-11-04 13:14:28, 3.711764705882353, 51.3867971, -0.4081033, 
1604495724, 122, 24, 513869111, -4080945, 29, 2, 16, 7, 17, 13807, 20520, 2020-11-04 13:15:24, 3.7176470588235295, 51.3869111, -0.4080945, 
1604495776, 122, 24, 513869055, -4081163, 24, 1, 9, 8, 9, 13300, 20979, 2020-11-04 13:16:16, 3.7176470588235295, 51.3869055, -0.4081163, 
1604495832, 122, 24, 513868169, -4080565, 20, 0, 2, 7, 5, 13933, 20756, 2020-11-04 13:17:12, 3.7176470588235295, 51.3868169, -0.4080565, 
1604495901, 122, 24, 513868372, -4080582, 16, 0, 0, 8, 14, 10848, 21678, 2020-11-04 13:18:21, 3.7176470588235295, 51.3868372, -0.4080582, 
1604495960, 121, 24, 513868918, -4080505, 27, 0, 1, 8, 13, 13123, 20995, 2020-11-04 13:19:20, 3.711764705882353, 51.3868918, -0.4080505, 
1604496021, 122, 24, 513868741, -4080414, 36, 0, 4, 9, 14, 12039, 21354, 2020-11-04 13:20:21, 3.7176470588235295, 51.3868741, -0.4080414, 
1604496143, 121, 24, 513868701, -4082331, 12, 1, 215, 9, 76, 13182, 20839, 2020-11-04 13:22:23, 3.711764705882353, 51.3868701, -0.4082331, 
1604496218, 121, 24, 513869873, -4079380, 45, 1, 12, 8, 31, 13685, 20667, 2020-11-04 13:23:38, 3.711764705882353, 51.3869873, -0.407938, 
1604496276, 122, 24, 513869179, -4079016, 31, 0, 33, 7, 29, 13016, 21146, 2020-11-04 13:24:36, 3.7176470588235295, 51.3869179, -0.4079016, 
1604496322, 122, 24, 513869201, -4079684, 28, 0, 32, 9, 15, 14241, 19827, 2020-11-04 13:25:22, 3.7176470588235295, 51.3869201, -0.4079684, 
1604496382, 121, 24, 513868676, -4080246, 10, 0, 32, 8, 15, 14125, 19914, 2020-11-04 13:26:22, 3.711764705882353, 51.3868676, -0.4080246, 
1604496437, 121, 24, 513869216, -4079588, 13, 0, 15, 8, 10, 12586, 20283, 2020-11-04 13:27:17, 3.711764705882353, 51.3869216, -0.4079588, 
1604496501, 122, 24, 513869156, -4080666, 18, 0, 14, 8, 14, 13836, 20412, 2020-11-04 13:28:21, 3.7176470588235295, 51.3869156, -0.4080666, 
1604496571, 121, 24, 513870715, -4082360, 38, 2, 255, 8, 24, 14671, 19733, 2020-11-04 13:29:31, 3.711764705882353, 51.3870715, -0.408236, 
1604496635, 122, 24, 513869152, -4081109, 29, 0, 227, 6, 28, 12492, 21368, 2020-11-04 13:30:35, 3.7176470588235295, 51.3869152, -0.4081109, 
1604496692, 121, 24, 513868465, -4080293, 9, 0, 19, 6, 25, 9904, 22796, 2020-11-04 13:31:32, 3.711764705882353, 51.3868465, -0.4080293, 
1604496742, 121, 24, 513868765, -4080522, 30, 0, 200, 8, 15, 11131, 21906, 2020-11-04 13:32:22, 3.711764705882353, 51.3868765, -0.4080522, 
1604496812, 122, 24, 513868724, -4080723, 35, 1, 12, 7, 25, 11236, 22298, 2020-11-04 13:33:32, 3.7176470588235295, 51.3868724, -0.4080723, 
1604496903, 122, 24, 513869249, -4080924, 64, 1, 248, 9, 56, 10143, 22744, 2020-11-04 13:35:03, 3.7176470588235295, 51.3869249, -0.4080924, 
1604497033, 121, 25, 513869342, -4078135, 1, 0, 38, 9, 66, 12304, 21204, 2020-11-04 13:37:13, 3.711764705882353, 51.3869342, -0.4078135, 
1604497126, 122, 24, 513870397, -4082015, 75, 3, 240, 9, 39, 12098, 21722, 2020-11-04 13:38:46, 3.7176470588235295, 51.3870397, -0.4082015, 
1604497172, 121, 24, 513870155, -4084596, 94, 3, 235, 10, 25, 11971, 21564, 2020-11-04 13:39:32, 3.711764705882353, 51.3870155, -0.4084596, 
1604497231, 122, 24, 513869443, -4084462, 62, 3, 228, 10, 24, 12122, 21658, 2020-11-04 13:40:31, 3.7176470588235295, 51.3869443, -0.4084462, 
1604497281, 122, 24, 513868639, -4081210, 21, 0, 222, 9, 14, 12948, 20975, 2020-11-04 13:41:21, 3.7176470588235295, 51.3868639, -0.408121, 
1604497343, 121, 24, 513868848, -4082838, 26, 2, 218, 11, 16, 13002, 20426, 2020-11-04 13:42:23, 3.711764705882353, 51.3868848, -0.4082838, 
1604497409, 121, 24, 513868397, -4081358, 3, 1, 222, 9, 22, 11999, 21345, 2020-11-04 13:43:29, 3.711764705882353, 51.3868397, -0.4081358, 
1604497463, 122, 24, 513868813, -4081061, 9, 1, 225, 8, 16, 13528, 20332, 2020-11-04 13:44:23, 3.7176470588235295, 51.3868813, -0.4081061, 
1604497522, 121, 24, 513868485, -4081719, 21, 0, 242, 10, 15, 13261, 20526, 2020-11-04 13:45:22, 3.711764705882353, 51.3868485, -0.4081719, 
1604497578, 121, 24, 513869576, -4081098, 25, 2, 227, 8, 11, 16384, 17819, 2020-11-04 13:46:18, 3.711764705882353, 51.3869576, -0.4081098, 
1604497645, 121, 24, 513869927, -4082126, 35, 6, 7, 8, 18, 16809, 17941, 2020-11-04 13:47:25, 3.711764705882353, 51.3869927, -0.4082126, 
1604497705, 121, 24, 513869436, -4085612, 42, 3, 224, 9, 18, 14370, 20024, 2020-11-04 13:48:25, 3.711764705882353, 51.3869436, -0.4085612, 
1604497758, 121, 24, 513869366, -4082134, 31, 1, 220, 9, 11, 15005, 18860, 2020-11-04 13:49:18, 3.711764705882353, 51.3869366, -0.4082134, 
1604497823, 122, 24, 513868453, -4082588, 21, 1, 221, 9, 16, 13486, 20891, 2020-11-04 13:50:23, 3.7176470588235295, 51.3868453, -0.4082588, 
1604497882, 121, 24, 513868819, -4081703, 49, 0, 223, 8, 15, 13816, 20288, 2020-11-04 13:51:22, 3.711764705882353, 51.3868819, -0.4081703, 
1604497942, 122, 24, 513868814, -4079679, 3, 1, 14, 8, 15, 12538, 21366, 2020-11-04 13:52:22, 3.7176470588235295, 51.3868814, -0.4079679, 
1604498020, 122, 24, 513867030, -4079280, -10, 0, 235, 8, 33, 12912, 21356, 2020-11-04 13:53:40, 3.7176470588235295, 51.386703, -0.407928, 
1604498143, 121, 24, 513868735, -4080348, 20, 0, 218, 8, 96, 12639, 21505, 2020-11-04 13:55:43, 3.711764705882353, 51.3868735, -0.4080348, 
1604498188, 121, 24, 513868159, -4080168, 24, 0, 232, 6, 21, 13432, 21051, 2020-11-04 13:56:28, 3.711764705882353, 51.3868159, -0.4080168, 
1604498246, 122, 24, 513868125, -4080549, 17, 0, 3, 7, 19, 13802, 20282, 2020-11-04 13:57:26, 3.7176470588235295, 51.3868125, -0.4080549, 
1604498308, 121, 24, 513868083, -4079898, 11, 1, 232, 8, 21, 13550, 20512, 2020-11-04 13:58:28, 3.711764705882353, 51.3868083, -0.4079898, 
1604498359, 121, 24, 513868374, -4080835, 10, 0, 7, 8, 12, 14156, 20207, 2020-11-04 13:59:19, 3.711764705882353, 51.3868374, -0.4080835, 
1604498427, 121, 24, 513868530, -4080391, 5, 0, 242, 8, 20, 13340, 20669, 2020-11-04 14:00:27, 3.711764705882353, 51.386853, -0.4080391, 
1604498478, 121, 24, 513867996, -4080481, 9, 0, 15, 8, 11, 13210, 19905, 2020-11-04 14:01:18, 3.711764705882353, 51.3867996, -0.4080481, 
1604498538, 122, 24, 513868090, -4080934, 19, 0, 15, 8, 11, 13196, 20527, 2020-11-04 14:02:18, 3.7176470588235295, 51.386809, -0.4080934, 
1604498617, 121, 24, 513870294, -4079848, 36, 1, 9, 7, 30, 13898, 20534, 2020-11-04 14:03:37, 3.711764705882353, 51.3870294, -0.4079848, 
1604498670, 122, 24, 513868205, -4080064, 6, 0, 7, 7, 23, 13924, 20755, 2020-11-04 14:04:30, 3.7176470588235295, 51.3868205, -0.4080064, 
1604498745, 121, 24, 513868071, -4079960, 2, 0, 228, 7, 38, 15159, 19849, 2020-11-04 14:05:45, 3.711764705882353, 51.3868071, -0.407996, 
1604498789, 121, 24, 513868865, -4080513, 15, 0, 5, 7, 22, 14471, 19996, 2020-11-04 14:06:29, 3.711764705882353, 51.3868865, -0.4080513, 
1604498861, 122, 24, 513869951, -4080355, 32, 2, 16, 7, 34, 13488, 20930, 2020-11-04 14:07:41, 3.7176470588235295, 51.3869951, -0.4080355, 
1604498920, 122, 24, 513870500, -4080712, 35, 1, 8, 7, 33, 13229, 21134, 2020-11-04 14:08:40, 3.7176470588235295, 51.38705, -0.4080712, 
1604498980, 121, 26, 513869241, -4081226, 31, 1, 250, 7, 33, 12515, 21612, 2020-11-04 14:09:40, 3.711764705882353, 51.3869241, -0.4081226, 
1604499062, 121, 25, 513868803, -4081204, 14, 0, 245, 7, 55, 11859, 21992, 2020-11-04 14:11:02, 3.711764705882353, 51.3868803, -0.4081204, 
1604499146, 121, 24, 513868159, -4080863, 24, 0, 3, 8, 19, 12490, 21216, 2020-11-04 14:12:26, 3.711764705882353, 51.3868159, -0.4080863, 
1604499201, 121, 24, 513867894, -4081071, 28, 0, 15, 7, 14, 12988, 20624, 2020-11-04 14:13:21, 3.711764705882353, 51.3867894, -0.4081071, 
1604499264, 121, 24, 513869003, -4080496, 6, 0, 0, 7, 17, 12400, 21411, 2020-11-04 14:14:24, 3.711764705882353, 51.3869003, -0.4080496, 
1604499323, 122, 24, 513868542, -4080617, 16, 0, 8, 8, 16, 12951, 21094, 2020-11-04 14:15:23, 3.7176470588235295, 51.3868542, -0.4080617, 
1604499397, 121, 24, 513869868, -4079842, -12, 1, 14, 7, 30, 13814, 20685, 2020-11-04 14:16:37, 3.711764705882353, 51.3869868, -0.4079842, 
1604499466, 121, 24, 513869784, -4080594, 24, 1, 9, 7, 39, 13614, 20926, 2020-11-04 14:17:46, 3.711764705882353, 51.3869784, -0.4080594, 
1604499530, 121, 24, 513871052, -4080709, 39, 2, 12, 8, 43, 15438, 19247, 2020-11-04 14:18:50, 3.711764705882353, 51.3871052, -0.4080709, 
1604499562, 121, 24, 513870313, -4080495, 22, 1, 9, 7, 15, 14636, 19354, 2020-11-04 14:19:22, 3.711764705882353, 51.3870313, -0.4080495, 
1604499628, 121, 24, 513869793, -4081361, 26, 4, 12, 8, 21, 15970, 18851, 2020-11-04 14:20:28, 3.711764705882353, 51.3869793, -0.4081361, 
1604499700, 121, 24, 513868624, -4080979, 16, 2, 13, 9, 33, 15617, 19099, 2020-11-04 14:21:40, 3.711764705882353, 51.3868624, -0.4080979, 
1604499740, 121, 24, 513869296, -4080332, 20, 1, 10, 8, 13, 14269, 19670, 2020-11-04 14:22:20, 3.711764705882353, 51.3869296, -0.4080332, 
1604499806, 122, 24, 513869673, -4081378, 33, 0, 15, 9, 19, 13883, 20763, 2020-11-04 14:23:26, 3.7176470588235295, 51.3869673, -0.4081378, 
1604499873, 121, 24, 513869216, -4080570, 22, 2, 5, 9, 26, 14879, 19568, 2020-11-04 14:24:33, 3.711764705882353, 51.3869216, -0.408057, 
1604499924, 121, 24, 513868394, -4080082, 12, 1, 5, 9, 17, 14680, 19824, 2020-11-04 14:25:24, 3.711764705882353, 51.3868394, -0.4080082, 
1604499977, 121, 24, 513868568, -4080173, 6, 1, 3, 9, 10, 15425, 18916, 2020-11-04 14:26:17, 3.711764705882353, 51.3868568, -0.4080173, 
1604500040, 121, 24, 513868204, -4080755, 11, 0, 0, 9, 13, 14101, 20370, 2020-11-04 14:27:20, 3.711764705882353, 51.3868204, -0.4080755, 
1604500103, 121, 24, 513868224, -4080606, 6, 0, 213, 9, 16, 13811, 20189, 2020-11-04 14:28:23, 3.711764705882353, 51.3868224, -0.4080606, 
1604500164, 121, 24, 513868827, -4079807, 9, 0, 13, 8, 17, 13610, 20903, 2020-11-04 14:29:24, 3.711764705882353, 51.3868827, -0.4079807, 
1604500243, 121, 24, 513869620, -4081022, 26, 0, 6, 9, 36, 13940, 20487, 2020-11-04 14:30:43, 3.711764705882353, 51.386962, -0.4081022, 
1604500283, 121, 24, 513869132, -4080578, 27, 1, 8, 10, 16, 13622, 20716, 2020-11-04 14:31:23, 3.711764705882353, 51.3869132, -0.4080578, 
1604500346, 121, 24, 513868858, -4080120, 4, 0, 235, 8, 19, 12998, 21313, 2020-11-04 14:32:26, 3.711764705882353, 51.3868858, -0.408012, 
1604500406, 121, 24, 513868526, -4080399, 25, 0, 42, 8, 19, 13442, 21077, 2020-11-04 14:33:26, 3.711764705882353, 51.3868526, -0.4080399, 
1604500469, 121, 24, 513868968, -4078792, -4, 1, 36, 8, 22, 13873, 20716, 2020-11-04 14:34:29, 3.711764705882353, 51.3868968, -0.4078792, 
1604500523, 121, 24, 513869665, -4079056, 18, 2, 40, 9, 16, 13645, 20572, 2020-11-04 14:35:23, 3.711764705882353, 51.3869665, -0.4079056, 
1604500579, 122, 24, 513869410, -4078108, 1, 2, 38, 9, 12, 14136, 20613, 2020-11-04 14:36:19, 3.7176470588235295, 51.386941, -0.4078108, 
1604500641, 122, 24, 513869064, -4079471, 12, 1, 36, 8, 14, 13619, 20506, 2020-11-04 14:37:21, 3.7176470588235295, 51.3869064, -0.4079471, 
1604500711, 122, 24, 513870041, -4076961, -15, 4, 37, 7, 24, 15318, 19218, 2020-11-04 14:38:31, 3.7176470588235295, 51.3870041, -0.4076961, 
1604500765, 121, 24, 513869495, -4079876, 15, 1, 0, 7, 18, 14249, 20426, 2020-11-04 14:39:25, 3.711764705882353, 51.3869495, -0.4079876, 
1604500830, 121, 24, 513870188, -4079483, 18, 2, 1, 8, 23, 14269, 20225, 2020-11-04 14:40:30, 3.711764705882353, 51.3870188, -0.4079483, 
1604500884, 121, 24, 513870412, -4079334, 9, 2, 17, 8, 17, 13766, 20575, 2020-11-04 14:41:24, 3.711764705882353, 51.3870412, -0.4079334, 
1604500949, 121, 24, 513869637, -4077575, -17, 3, 41, 7, 22, 15179, 19758, 2020-11-04 14:42:29, 3.711764705882353, 51.3869637, -0.4077575, 
1604501004, 121, 24, 513869823, -4078006, -14, 3, 39, 9, 17, 13433, 20957, 2020-11-04 14:43:24, 3.711764705882353, 51.3869823, -0.4078006, 
1604501056, 122, 24, 513870239, -4079487, 19, 0, 35, 8, 9, 13897, 19867, 2020-11-04 14:44:16, 3.7176470588235295, 51.3870239, -0.4079487, 
1604501120, 121, 24, 513868674, -4080098, 3, 1, 41, 7, 13, 14468, 19598, 2020-11-04 14:45:20, 3.711764705882353, 51.3868674, -0.4080098, 
1604501176, 121, 24, 513867839, -4080800, 0, 0, 242, 7, 9, 13835, 19866, 2020-11-04 14:46:16, 3.711764705882353, 51.3867839, -0.40808, 
1604501241, 121, 24, 513867501, -4080468, -2, 0, 0, 6, 14, 13851, 19904, 2020-11-04 14:47:21, 3.711764705882353, 51.3867501, -0.4080468, 
1604501299, 121, 24, 513868481, -4079755, -3, 1, 43, 7, 12, 14950, 19281, 2020-11-04 14:48:19, 3.711764705882353, 51.3868481, -0.4079755, 
1604501356, 121, 24, 513868496, -4080396, 9, 0, 32, 7, 9, 16204, 18937, 2020-11-04 14:49:16, 3.711764705882353, 51.3868496, -0.4080396, 
1604501418, 121, 24, 513868951, -4079788, 0, 1, 41, 7, 11, 14888, 18750, 2020-11-04 14:50:18, 3.711764705882353, 51.3868951, -0.4079788, 
1604501478, 121, 24, 513868452, -4079590, 2, 0, 204, 6, 11, 15993, 19050, 2020-11-04 14:51:18, 3.711764705882353, 51.3868452, -0.407959, 
1604501540, 121, 24, 513868902, -4079863, 7, 0, 12, 7, 13, 14349, 19326, 2020-11-04 14:52:20, 3.711764705882353, 51.3868902, -0.4079863, 
1604501600, 121, 24, 513869214, -4080224, 23, 0, 46, 9, 13, 13807, 19287, 2020-11-04 14:53:20, 3.711764705882353, 51.3869214, -0.4080224, 
1604501655, 121, 24, 513868526, -4080042, 6, 0, 32, 8, 8, 14134, 20414, 2020-11-04 14:54:15, 3.711764705882353, 51.3868526, -0.4080042, 
1604501714, 121, 24, 513867111, -4080841, 0, 0, 15, 8, 7, 15361, 19561, 2020-11-04 14:55:14, 3.711764705882353, 51.3867111, -0.4080841, 
1604501777, 121, 24, 513868654, -4079847, 1, 1, 30, 8, 10, 16276, 17203, 2020-11-04 14:56:17, 3.711764705882353, 51.3868654, -0.4079847, 
1604501844, 122, 24, 513868866, -4079246, -5, 1, 28, 7, 17, 16944, 17061, 2020-11-04 14:57:24, 3.7176470588235295, 51.3868866, -0.4079246, 
1604501897, 121, 24, 513868909, -4079163, 1, 0, 37, 8, 10, 16450, 17026, 2020-11-04 14:58:17, 3.711764705882353, 51.3868909, -0.4079163, 
1604501958, 121, 24, 513868975, -4080212, 21, 0, 10, 7, 11, 15881, 18311, 2020-11-04 14:59:18, 3.711764705882353, 51.3868975, -0.4080212, 
1604502021, 121, 24, 513868716, -4080203, 4, 0, 37, 6, 14, 16310, 17743, 2020-11-04 15:00:21, 3.711764705882353, 51.3868716, -0.4080203, 
1604502086, 121, 24, 513868499, -4079451, -3, 2, 30, 6, 19, 17267, 17759, 2020-11-04 15:01:26, 3.711764705882353, 51.3868499, -0.4079451, 
1604502143, 122, 24, 513869792, -4078152, -3, 6, 30, 8, 16, 17752, 17310, 2020-11-04 15:02:23, 3.7176470588235295, 51.3869792, -0.4078152, 
1604502198, 121, 24, 513868850, -4079140, -1, 0, 21, 7, 11, 16389, 17887, 2020-11-04 15:03:18, 3.711764705882353, 51.386885, -0.407914, 
1604502259, 121, 24, 513869440, -4079210, 13, 0, 34, 6, 12, 16570, 17529, 2020-11-04 15:04:19, 3.711764705882353, 51.386944, -0.407921, 
1604502318, 121, 24, 513868922, -4080045, 6, 0, 41, 6, 11, 17393, 17674, 2020-11-04 15:05:18, 3.711764705882353, 51.3868922, -0.4080045, 
1604502378, 121, 24, 513868056, -4080899, 3, 0, 12, 6, 11, 16521, 18502, 2020-11-04 15:06:18, 3.711764705882353, 51.3868056, -0.4080899, 
1604502446, 121, 24, 513868251, -4080976, 11, 0, 16, 6, 19, 15625, 18494, 2020-11-04 15:07:26, 3.711764705882353, 51.3868251, -0.4080976, 
1604502496, 121, 24, 513868504, -4080898, 11, 0, 16, 7, 9, 15553, 18679, 2020-11-04 15:08:16, 3.711764705882353, 51.3868504, -0.4080898, 
1604502555, 121, 24, 513868326, -4080940, 6, 0, 0, 7, 8, 15700, 19178, 2020-11-04 15:09:15, 3.711764705882353, 51.3868326, -0.408094, 
1604502614, 122, 24, 513867130, -4081410, 7, 1, 11, 6, 7, 16757, 18541, 2020-11-04 15:10:14, 3.7176470588235295, 51.386713, -0.408141, 
1604502675, 121, 24, 513870651, -4081063, 40, 0, 13, 6, 8, 16263, 18491, 2020-11-04 15:11:15, 3.711764705882353, 51.3870651, -0.4081063, 
1604502741, 121, 24, 513870160, -4081192, 41, 1, 13, 7, 14, 15651, 18972, 2020-11-04 15:12:21, 3.711764705882353, 51.387016, -0.4081192, 
1604502791, 121, 24, 513868648, -4080610, 14, 0, 2, 7, 4, 15789, 19230, 2020-11-04 15:13:11, 3.711764705882353, 51.3868648, -0.408061, 
1604502851, 121, 24, 513868400, -4080875, 13, 0, 5, 7, 4, 14532, 19118, 2020-11-04 15:14:11, 3.711764705882353, 51.38684, -0.4080875, 
1604502915, 121, 24, 513867715, -4081046, 0, 0, 55, 6, 8, 15474, 18137, 2020-11-04 15:15:15, 3.711764705882353, 51.3867715, -0.4081046, 
1604502976, 121, 24, 513868572, -4080783, 13, 1, 15, 7, 9, 15660, 19449, 2020-11-04 15:16:16, 3.711764705882353, 51.3868572, -0.4080783, 
1604503037, 121, 24, 513869152, -4081032, 11, 1, 5, 7, 10, 16597, 18516, 2020-11-04 15:17:17, 3.711764705882353, 51.3869152, -0.4081032, 
1604503094, 121, 24, 513868514, -4080865, 7, 1, 5, 7, 7, 15768, 18403, 2020-11-04 15:18:14, 3.711764705882353, 51.3868514, -0.4080865, 
1604503158, 121, 24, 513869795, -4080697, 17, 3, 9, 7, 11, 15187, 19473, 2020-11-04 15:19:18, 3.711764705882353, 51.3869795, -0.4080697, 
1604503216, 121, 24, 513868662, -4080630, 7, 1, 13, 7, 9, 15566, 18550, 2020-11-04 15:20:16, 3.711764705882353, 51.3868662, -0.408063, 
1604503281, 121, 24, 513869165, -4080640, 14, 3, 10, 7, 14, 15395, 18499, 2020-11-04 15:21:21, 3.711764705882353, 51.3869165, -0.408064, 
1604503353, 121, 24, 513868450, -4080211, 2, 0, 11, 6, 26, 13125, 14627, 2020-11-04 15:22:33, 3.711764705882353, 51.386845, -0.4080211, 
1604503390, 121, 24, 513868325, -4080564, 5, 0, 25, 8, 3, 14397, 20287, 2020-11-04 15:23:10, 3.711764705882353, 51.3868325, -0.4080564, 
1604503452, 121, 24, 513867821, -4081321, 5, 0, 0, 7, 5, 14676, 18776, 2020-11-04 15:24:12, 3.711764705882353, 51.3867821, -0.4081321, 
1604503518, 122, 24, 513868347, -4080440, 10, 1, 46, 7, 11, 14361, 19996, 2020-11-04 15:25:18, 3.7176470588235295, 51.3868347, -0.408044, 
1604503582, 121, 24, 513868318, -4080804, 13, 0, 37, 7, 15, 14485, 19828, 2020-11-04 15:26:22, 3.711764705882353, 51.3868318, -0.4080804, 
1604503637, 121, 24, 513868436, -4080544, 13, 0, 46, 6, 10, 14626, 19794, 2020-11-04 15:27:17, 3.711764705882353, 51.3868436, -0.4080544, 
1604503694, 121, 24, 513868094, -4080797, 7, 0, 0, 6, 7, 13799, 20356, 2020-11-04 15:28:14, 3.711764705882353, 51.3868094, -0.4080797, 
1604503751, 121, 24, 513868046, -4080726, 5, 0, 35, 6, 4, 14512, 19779, 2020-11-04 15:29:11, 3.711764705882353, 51.3868046, -0.4080726, 
1604503814, 121, 24, 513868429, -4080645, 14, 0, 51, 7, 7, 13881, 19912, 2020-11-04 15:30:14, 3.711764705882353, 51.3868429, -0.4080645, 
1604503877, 121, 24, 513867985, -4080873, 8, 1, 49, 8, 10, 12710, 20455, 2020-11-04 15:31:17, 3.711764705882353, 51.3867985, -0.4080873, 
1604503934, 121, 24, 513868111, -4080864, 8, 0, 49, 7, 7, 12613, 20995, 2020-11-04 15:32:14, 3.711764705882353, 51.3868111, -0.4080864, 
1604503995, 121, 24, 513867810, -4081272, 16, 2, 48, 7, 8, 12826, 21308, 2020-11-04 15:33:15, 3.711764705882353, 51.386781, -0.4081272, 
1604504059, 121, 24, 513868778, -4080045, 10, 0, 0, 7, 12, 11906, 21090, 2020-11-04 15:34:19, 3.711764705882353, 51.3868778, -0.4080045, 
1604504116, 121, 24, 513868303, -4080438, 8, 0, 7, 7, 9, 13791, 19709, 2020-11-04 15:35:16, 3.711764705882353, 51.3868303, -0.4080438, 
1604504173, 121, 24, 513867813, -4081025, 8, 0, 8, 6, 6, 14881, 19974, 2020-11-04 15:36:13, 3.711764705882353, 51.3867813, -0.4081025, 
1604504234, 121, 24, 513868229, -4080452, 1, 0, 4, 7, 7, 13130, 19711, 2020-11-04 15:37:14, 3.711764705882353, 51.3868229, -0.4080452, 
1604504292, 121, 24, 513868161, -4080535, 6, 3, 15, 8, 5, 14974, 20005, 2020-11-04 15:38:12, 3.711764705882353, 51.3868161, -0.4080535, 
1604504353, 121, 24, 513867583, -4081188, 5, 0, 1, 8, 6, 14568, 20092, 2020-11-04 15:39:13, 3.711764705882353, 51.3867583, -0.4081188, 
1604504417, 121, 24, 513868434, -4080867, 8, 0, 0, 8, 10, 11235, 21354, 2020-11-04 15:40:17, 3.711764705882353, 51.3868434, -0.4080867, 
1604504474, 121, 24, 513868119, -4081220, 7, 3, 1, 8, 7, 14230, 20031, 2020-11-04 15:41:14, 3.711764705882353, 51.3868119, -0.408122, 
1604504532, 121, 24, 513868381, -4080909, 7, 5, 1, 8, 5, 14906, 18876, 2020-11-04 15:42:12, 3.711764705882353, 51.3868381, -0.4080909, 
1604504598, 121, 24, 513869306, -4081045, 19, 3, 1, 8, 11, 14398, 19104, 2020-11-04 15:43:18, 3.711764705882353, 51.3869306, -0.4081045, 
1604504656, 122, 24, 513869502, -4081051, 14, 1, 16, 7, 9, 16525, 17499, 2020-11-04 15:44:16, 3.7176470588235295, 51.3869502, -0.4081051, 
1604504718, 121, 24, 513868739, -4080783, 22, 2, 1, 6, 11, 18389, 15671, 2020-11-04 15:45:18, 3.711764705882353, 51.3868739, -0.4080783, 
1604504777, 121, 24, 513868932, -4080960, 9, 3, 0, 8, 10, 16345, 18898, 2020-11-04 15:46:17, 3.711764705882353, 51.3868932, -0.408096, 
1604504840, 121, 24, 513868842, -4080732, 6, 2, 3, 8, 13, 14619, 18656, 2020-11-04 15:47:20, 3.711764705882353, 51.3868842, -0.4080732, 
1604504900, 121, 24, 513868097, -4081578, 14, 0, 32, 7, 13, 14095, 20225, 2020-11-04 15:48:20, 3.711764705882353, 51.3868097, -0.4081578, 
1604504959, 121, 24, 513867897, -4081811, 20, 0, 52, 7, 12, 12782, 21227, 2020-11-04 15:49:19, 3.711764705882353, 51.3867897, -0.4081811, 
1604505026, 121, 24, 513867579, -4081210, 24, 0, 19, 7, 19, 12098, 21142, 2020-11-04 15:50:26, 3.711764705882353, 51.3867579, -0.408121, 
1604505080, 121, 24, 513868374, -4079672, 0, 0, 209, 6, 13, 12760, 21449, 2020-11-04 15:51:20, 3.711764705882353, 51.3868374, -0.4079672, 
1604505152, 121, 24, 513867880, -4080959, 6, 0, 0, 8, 25, 10347, 20154, 2020-11-04 15:52:32, 3.711764705882353, 51.386788, -0.4080959, 
1604505195, 121, 24, 513868103, -4080735, 7, 0, 0, 9, 8, 14379, 19563, 2020-11-04 15:53:15, 3.711764705882353, 51.3868103, -0.4080735, 
1604505251, 122, 24, 513867254, -4080866, -4, 0, 0, 9, 4, 15126, 19479, 2020-11-04 15:54:11, 3.7176470588235295, 51.3867254, -0.4080866, 
1604505312, 121, 24, 513868026, -4080483, -2, 1, 12, 9, 5, 15765, 19253, 2020-11-04 15:55:12, 3.711764705882353, 51.3868026, -0.4080483, 
1604505376, 122, 24, 513868425, -4080545, 6, 1, 16, 8, 9, 15778, 19204, 2020-11-04 15:56:16, 3.7176470588235295, 51.3868425, -0.4080545, 
1604505440, 121, 24, 513869340, -4080489, 11, 2, 0, 8, 13, 16425, 18363, 2020-11-04 15:57:20, 3.711764705882353, 51.386934, -0.4080489, 
1604505499, 121, 24, 513869111, -4080731, 12, 2, 1, 8, 12, 15730, 18543, 2020-11-04 15:58:19, 3.711764705882353, 51.3869111, -0.4080731, 
1604505557, 121, 24, 513870410, -4080707, 25, 2, 1, 8, 10, 15889, 18667, 2020-11-04 15:59:17, 3.711764705882353, 51.387041, -0.4080707, 
1604505622, 121, 24, 513869501, -4080235, 23, 3, 2, 8, 15, 15892, 18503, 2020-11-04 16:00:22, 3.711764705882353, 51.3869501, -0.4080235, 
1604505678, 121, 24, 513869402, -4080245, 13, 1, 6, 7, 11, 15343, 19474, 2020-11-04 16:01:18, 3.711764705882353, 51.3869402, -0.4080245, 
